College Code,Name,Gender,Qualification,Employee Id,Email,Short Name,Mobile No,Adhar No
401,Falguni Bose 1,Male,"M.Sc, Ph.D",F_01,1 fbose@gmail.com,F.B 1,9933225561,112233554461
401,Falguni Bose 2,Male,M.Sc,F_02,2 fbose@gmail.com,F.B 2,9933225562,112233554462
401,Falguni Bose 3,Male,"M.Sc, Ph.D",F_03,3 fbose@gmail.com,F.B 3,9933225563,112233554463
401,Falguni Bose 4,Male,"M.Sc, Ph.D",F_04,4 fbose@gmail.com,F.B 4,9933225564,112233554464
401,Falguni Bose 5,Female,"M.Sc, Ph.D",F_05,5 fbose@gmail.com,F.B 5,9933225565,112233554465
401,Falguni Bose 6,Male,"M.Sc, Ph.D",F_06,6 fbose@gmail.com,F.B 6,9933225566,112233554466
401,Falguni Bose 7,Male,M.Tech,F_07,7 fbose@gmail.com,F.B 7,9933225567,112233554467
401,Falguni Bose 8,Male,"M.Sc, Ph.D",F_08,8 fbose@gmail.com,F.B 8,9933225568,112233554468
401,Falguni Bose 9,Male,"M.Sc, Ph.D",F_09,9 fbose@gmail.com,F.B 9,9933225569,112233554469
401,Falguni Bose 10,Male,"M.Sc, Ph.D",F_10,10 fbose@gmail.com,F.B 10,9933225570,112233554470
401,Falguni Bose 11,Female,"M.Sc, Ph.D",F_11,11 fbose@gmail.com,F.B 11,9933225571,112233554471
401,Falguni Bose 12,Male,"M.Sc, Ph.D",F_12,12 fbose@gmail.com,F.B 12,9933225572,112233554472
401,Falguni Bose 13,Male,M.Tech,F_13,13 fbose@gmail.com,F.B 13,9933225573,112233554473
401,Falguni Bose 14,Male,"M.Sc, Ph.D",F_14,14 fbose@gmail.com,F.B 14,9933225574,112233554474
401,Falguni Bose 15,Female,M.Sc,F_15,15 fbose@gmail.com,F.B 15,9933225575,112233554475
401,Falguni Bose 16,Male,"M.Sc, Ph.D",F_16,16 fbose@gmail.com,F.B 16,9933225576,112233554476
401,Falguni Bose 17,Male,"M.Sc, Ph.D",F_17,17 fbose@gmail.com,F.B 17,9933225577,112233554477
401,Falguni Bose 18,Male,"M.Sc, Ph.D",F_18,18 fbose@gmail.com,F.B 18,9933225578,112233554478
401,Falguni Bose 19,Female,M.Tech,F_19,19 fbose@gmail.com,F.B 19,9933225579,112233554479
401,Falguni Bose 20,Male,"M.Sc, Ph.D",F_20,20 fbose@gmail.com,F.B 20,9933225580,112233554480
401,Falguni Bose 21,Male,B.SC,F_21,21 fbose@gmail.com,F.B 21,9933225581,112233554481
401,Falguni Bose 22,Male,B.COM,F_22,22 fbose@gmail.com,F.B 22,9933225582,112233554482
401,Falguni Bose 23,Male,"M.Sc, Ph.D",F_23,23 fbose@gmail.com,F.B 23,9933225583,112233554483
401,Falguni Bose 24,Female,M.Sc,F_24,24 fbose@gmail.com,F.B 24,9933225584,112233554484
401,Falguni Bose 25,Male,"M.Sc, Ph.D",F_25,25 fbose@gmail.com,F.B 25,9933225585,112233554485
401,Falguni Bose 26,Male,"M.Sc, Ph.D",F_26,26 fbose@gmail.com,F.B 26,9933225586,112233554486
401,Falguni Bose 27,Male,"M.Sc, Ph.D",F_27,27 fbose@gmail.com,F.B 27,9933225587,112233554487
401,Falguni Bose 28,Male,"M.Sc, Ph.D",F_28,28 fbose@gmail.com,F.B 28,9933225588,112233554488
401,Falguni Bose 29,Male,M.Tech,F_29,29 fbose@gmail.com,F.B 29,9933225589,112233554489
401,Falguni Bose 30,Female,"M.Sc, Ph.D",F_30,30 fbose@gmail.com,F.B 30,9933225590,112233554490
401,Falguni Bose 31,Male,"M.Sc, Ph.D",F_31,31 fbose@gmail.com,F.B 31,9933225591,112233554491
401,Falguni Bose 32,Male,"M.Sc, Ph.D",F_32,32 fbose@gmail.com,F.B 32,9933225592,112233554492
401,Falguni Bose 33,Male,"M.Sc, Ph.D",F_33,33 fbose@gmail.com,F.B 33,9933225593,112233554493
401,Falguni Bose 34,Female,"M.Sc, Ph.D",F_34,34 fbose@gmail.com,F.B 34,9933225594,112233554494
401,Falguni Bose 35,Male,M.Tech,F_35,35 fbose@gmail.com,F.B 35,9933225595,112233554495
401,Falguni Bose 36,Male,"M.Sc, Ph.D",F_36,36 fbose@gmail.com,F.B 36,9933225596,112233554496
401,Falguni Bose 37,Male,M.Sc,F_37,37 fbose@gmail.com,F.B 37,9933225597,112233554497
401,Falguni Bose 38,Female,"M.Sc, Ph.D",F_38,38 fbose@gmail.com,F.B 38,9933225598,112233554498
401,Falguni Bose 39,Male,"M.Sc, Ph.D",F_39,39 fbose@gmail.com,F.B 39,9933225599,112233554499
401,Falguni Bose 40,Male,"M.Sc, Ph.D",F_40,40 fbose@gmail.com,F.B 40,9933225600,112233554500
401,Falguni Bose 41,Male,M.Tech,F_41,41 fbose@gmail.com,F.B 41,9933225601,112233554501
401,Falguni Bose 42,Male,"M.Sc, Ph.D",F_42,42 fbose@gmail.com,F.B 42,9933225602,112233554502
401,Falguni Bose 43,Female,B.SC,F_43,43 fbose@gmail.com,F.B 43,9933225603,112233554503
401,Falguni Bose 44,Male,B.COM,F_44,44 fbose@gmail.com,F.B 44,9933225604,112233554504
401,Falguni Bose 45,Male,"M.Sc, Ph.D",F_45,45 fbose@gmail.com,F.B 45,9933225605,112233554505
401,Falguni Bose 46,Male,M.Sc,F_46,46 fbose@gmail.com,F.B 46,9933225606,112233554506
401,Falguni Bose 47,Male,"M.Sc, Ph.D",F_47,47 fbose@gmail.com,F.B 47,9933225607,112233554507
401,Falguni Bose 48,Male,"M.Sc, Ph.D",F_48,48 fbose@gmail.com,F.B 48,9933225608,112233554508
401,Falguni Bose 49,Female,"M.Sc, Ph.D",F_49,49 fbose@gmail.com,F.B 49,9933225609,112233554509
401,Falguni Bose 50,Male,"M.Sc, Ph.D",F_50,50 fbose@gmail.com,F.B 50,9933225610,112233554510
401,Falguni Bose 51,Male,M.Tech,F_51,51 fbose@gmail.com,F.B 51,9933225611,112233554511
401,Falguni Bose 52,Male,"M.Sc, Ph.D",F_52,52 fbose@gmail.com,F.B 52,9933225612,112233554512
401,Falguni Bose 53,Female,"M.Sc, Ph.D",F_53,53 fbose@gmail.com,F.B 53,9933225613,112233554513
401,Falguni Bose 54,Male,"M.Sc, Ph.D",F_54,54 fbose@gmail.com,F.B 54,9933225614,112233554514
401,Falguni Bose 55,Male,"M.Sc, Ph.D",F_55,55 fbose@gmail.com,F.B 55,9933225615,112233554515
401,Falguni Bose 56,Male,"M.Sc, Ph.D",F_56,56 fbose@gmail.com,F.B 56,9933225616,112233554516
401,Falguni Bose 57,Female,M.Tech,F_57,57 fbose@gmail.com,F.B 57,9933225617,112233554517
401,Falguni Bose 58,Male,"M.Sc, Ph.D",F_58,58 fbose@gmail.com,F.B 58,9933225618,112233554518
401,Falguni Bose 59,Male,M.Sc,F_59,59 fbose@gmail.com,F.B 59,9933225619,112233554519
401,Falguni Bose 60,Male,"M.Sc, Ph.D",F_60,60 fbose@gmail.com,F.B 60,9933225620,112233554520
401,Falguni Bose 61,Male,"M.Sc, Ph.D",F_61,61 fbose@gmail.com,F.B 61,9933225621,112233554521
401,Falguni Bose 62,Female,"M.Sc, Ph.D",F_62,62 fbose@gmail.com,F.B 62,9933225622,112233554522
401,Falguni Bose 63,Male,M.Tech,F_63,63 fbose@gmail.com,F.B 63,9933225623,112233554523
401,Falguni Bose 64,Male,"M.Sc, Ph.D",F_64,64 fbose@gmail.com,F.B 64,9933225624,112233554524
401,Falguni Bose 65,Male,B.SC,F_65,65 fbose@gmail.com,F.B 65,9933225625,112233554525
401,Falguni Bose 66,Male,B.COM,F_66,66 fbose@gmail.com,F.B 66,9933225626,112233554526
401,Falguni Bose 67,Male,"M.Sc, Ph.D",F_67,67 fbose@gmail.com,F.B 67,9933225627,112233554527
401,Falguni Bose 68,Female,M.Sc,F_68,68 fbose@gmail.com,F.B 68,9933225628,112233554528
401,Falguni Bose 69,Male,"M.Sc, Ph.D",F_69,69 fbose@gmail.com,F.B 69,9933225629,112233554529
401,Falguni Bose 70,Male,"M.Sc, Ph.D",F_70,70 fbose@gmail.com,F.B 70,9933225630,112233554530
401,Falguni Bose 71,Male,"M.Sc, Ph.D",F_71,71 fbose@gmail.com,F.B 71,9933225631,112233554531
401,Falguni Bose 72,Female,"M.Sc, Ph.D",F_72,72 fbose@gmail.com,F.B 72,9933225632,112233554532
401,Falguni Bose 73,Male,M.Tech,F_73,73 fbose@gmail.com,F.B 73,9933225633,112233554533
401,Falguni Bose 74,Male,"M.Sc, Ph.D",F_74,74 fbose@gmail.com,F.B 74,9933225634,112233554534
401,Falguni Bose 75,Male,"M.Sc, Ph.D",F_75,75 fbose@gmail.com,F.B 75,9933225635,112233554535
401,Falguni Bose 76,Female,"M.Sc, Ph.D",F_76,76 fbose@gmail.com,F.B 76,9933225636,112233554536
401,Falguni Bose 77,Male,"M.Sc, Ph.D",F_77,77 fbose@gmail.com,F.B 77,9933225637,112233554537
401,Falguni Bose 78,Male,"M.Sc, Ph.D",F_78,78 fbose@gmail.com,F.B 78,9933225638,112233554538
401,Falguni Bose 79,Male,M.Tech,F_79,79 fbose@gmail.com,F.B 79,9933225639,112233554539
401,Falguni Bose 80,Male,"M.Sc, Ph.D",F_80,80 fbose@gmail.com,F.B 80,9933225640,112233554540
401,Falguni Bose 81,Female,M.Sc,F_81,81 fbose@gmail.com,F.B 81,9933225641,112233554541
401,Falguni Bose 82,Male,"M.Sc, Ph.D",F_82,82 fbose@gmail.com,F.B 82,9933225642,112233554542
401,Falguni Bose 83,Male,"M.Sc, Ph.D",F_83,83 fbose@gmail.com,F.B 83,9933225643,112233554543
401,Falguni Bose 84,Male,"M.Sc, Ph.D",F_84,84 fbose@gmail.com,F.B 84,9933225644,112233554544
401,Falguni Bose 85,Male,M.Tech,F_85,85 fbose@gmail.com,F.B 85,9933225645,112233554545
401,Falguni Bose 86,Male,"M.Sc, Ph.D",F_86,86 fbose@gmail.com,F.B 86,9933225646,112233554546
401,Falguni Bose 87,Female,B.SC,F_87,87 fbose@gmail.com,F.B 87,9933225647,112233554547
401,Falguni Bose 88,Male,B.COM,F_88,88 fbose@gmail.com,F.B 88,9933225648,112233554548
401,Falguni Bose 89,Male,"M.Sc, Ph.D",F_89,89 fbose@gmail.com,F.B 89,9933225649,112233554549
401,Falguni Bose 90,Male,M.Sc,F_90,90 fbose@gmail.com,F.B 90,9933225650,112233554550
401,Falguni Bose 91,Female,"M.Sc, Ph.D",F_91,91 fbose@gmail.com,F.B 91,9933225651,112233554551
401,Falguni Bose 92,Male,"M.Sc, Ph.D",F_92,92 fbose@gmail.com,F.B 92,9933225652,112233554552
401,Falguni Bose 93,Male,"M.Sc, Ph.D",F_93,93 fbose@gmail.com,F.B 93,9933225653,112233554553
401,Falguni Bose 94,Male,"M.Sc, Ph.D",F_94,94 fbose@gmail.com,F.B 94,9933225654,112233554554
401,Falguni Bose 95,Female,M.Tech,F_95,95 fbose@gmail.com,F.B 95,9933225655,112233554555
401,Falguni Bose 96,Male,"M.Sc, Ph.D",F_96,96 fbose@gmail.com,F.B 96,9933225656,112233554556
401,Falguni Bose 97,Male,"M.Sc, Ph.D",F_97,97 fbose@gmail.com,F.B 97,9933225657,112233554557
401,Falguni Bose 98,Male,"M.Sc, Ph.D",F_98,98 fbose@gmail.com,F.B 98,9933225658,112233554558
401,Falguni Bose 99,Male,"M.Sc, Ph.D",F_99,99 fbose@gmail.com,F.B 99,9933225659,112233554559
401,Falguni Bose 100,Female,"M.Sc, Ph.D",F_100,100 fbose@gmail.com,F.B 100,9933225660,112233554560
401,Falguni Bose 101,Male,M.Tech,F_101,101 fbose@gmail.com,F.B 101,9933225661,112233554561
401,Falguni Bose 102,Male,"M.Sc, Ph.D",F_102,102 fbose@gmail.com,F.B 102,9933225662,112233554562
401,Falguni Bose 103,Male,M.Sc,F_103,103 fbose@gmail.com,F.B 103,9933225663,112233554563
401,Falguni Bose 104,Male,"M.Sc, Ph.D",F_104,104 fbose@gmail.com,F.B 104,9933225664,112233554564
401,Falguni Bose 105,Male,"M.Sc, Ph.D",F_105,105 fbose@gmail.com,F.B 105,9933225665,112233554565
401,Falguni Bose 106,Female,"M.Sc, Ph.D",F_106,106 fbose@gmail.com,F.B 106,9933225666,112233554566
401,Falguni Bose 107,Male,M.Tech,F_107,107 fbose@gmail.com,F.B 107,9933225667,112233554567
401,Falguni Bose 108,Male,"M.Sc, Ph.D",F_108,108 fbose@gmail.com,F.B 108,9933225668,112233554568
401,Falguni Bose 109,Male,B.SC,F_109,109 fbose@gmail.com,F.B 109,9933225669,112233554569
401,Falguni Bose 110,Female,B.COM,F_110,110 fbose@gmail.com,F.B 110,9933225670,112233554570
401,Falguni Bose 111,Male,"M.Sc, Ph.D",F_111,111 fbose@gmail.com,F.B 111,9933225671,112233554571
401,Falguni Bose 112,Male,M.Sc,F_112,112 fbose@gmail.com,F.B 112,9933225672,112233554572
401,Falguni Bose 113,Male,"M.Sc, Ph.D",F_113,113 fbose@gmail.com,F.B 113,9933225673,112233554573
401,Falguni Bose 114,Female,"M.Sc, Ph.D",F_114,114 fbose@gmail.com,F.B 114,9933225674,112233554574
401,Falguni Bose 115,Male,"M.Sc, Ph.D",F_115,115 fbose@gmail.com,F.B 115,9933225675,112233554575
401,Falguni Bose 116,Male,"M.Sc, Ph.D",F_116,116 fbose@gmail.com,F.B 116,9933225676,112233554576
401,Falguni Bose 117,Male,M.Tech,F_117,117 fbose@gmail.com,F.B 117,9933225677,112233554577
401,Falguni Bose 118,Male,"M.Sc, Ph.D",F_118,118 fbose@gmail.com,F.B 118,9933225678,112233554578
401,Falguni Bose 119,Female,"M.Sc, Ph.D",F_119,119 fbose@gmail.com,F.B 119,9933225679,112233554579
401,Falguni Bose 120,Male,"M.Sc, Ph.D",F_120,120 fbose@gmail.com,F.B 120,9933225680,112233554580
401,Falguni Bose 121,Male,"M.Sc, Ph.D",F_121,121 fbose@gmail.com,F.B 121,9933225681,112233554581
401,Falguni Bose 122,Male,"M.Sc, Ph.D",F_122,122 fbose@gmail.com,F.B 122,9933225682,112233554582
401,Falguni Bose 123,Male,M.Tech,F_123,123 fbose@gmail.com,F.B 123,9933225683,112233554583
401,Falguni Bose 124,Male,"M.Sc, Ph.D",F_124,124 fbose@gmail.com,F.B 124,9933225684,112233554584
401,Falguni Bose 125,Female,M.Sc,F_125,125 fbose@gmail.com,F.B 125,9933225685,112233554585
401,Falguni Bose 126,Male,"M.Sc, Ph.D",F_126,126 fbose@gmail.com,F.B 126,9933225686,112233554586
401,Falguni Bose 127,Male,"M.Sc, Ph.D",F_127,127 fbose@gmail.com,F.B 127,9933225687,112233554587
401,Falguni Bose 128,Male,"M.Sc, Ph.D",F_128,128 fbose@gmail.com,F.B 128,9933225688,112233554588
401,Falguni Bose 129,Female,M.Tech,F_129,129 fbose@gmail.com,F.B 129,9933225689,112233554589
401,Falguni Bose 130,Male,"M.Sc, Ph.D",F_130,130 fbose@gmail.com,F.B 130,9933225690,112233554590
401,Falguni Bose 131,Male,B.SC,F_131,131 fbose@gmail.com,F.B 131,9933225691,112233554591
401,Falguni Bose 132,Male,B.COM,F_132,132 fbose@gmail.com,F.B 132,9933225692,112233554592
401,Falguni Bose 133,Female,"M.Sc, Ph.D",F_133,133 fbose@gmail.com,F.B 133,9933225693,112233554593
401,Falguni Bose 134,Male,M.Sc,F_134,134 fbose@gmail.com,F.B 134,9933225694,112233554594
401,Falguni Bose 135,Male,"M.Sc, Ph.D",F_135,135 fbose@gmail.com,F.B 135,9933225695,112233554595
401,Falguni Bose 136,Male,"M.Sc, Ph.D",F_136,136 fbose@gmail.com,F.B 136,9933225696,112233554596
401,Falguni Bose 137,Male,"M.Sc, Ph.D",F_137,137 fbose@gmail.com,F.B 137,9933225697,112233554597
401,Falguni Bose 138,Female,"M.Sc, Ph.D",F_138,138 fbose@gmail.com,F.B 138,9933225698,112233554598
401,Falguni Bose 139,Male,M.Tech,F_139,139 fbose@gmail.com,F.B 139,9933225699,112233554599
401,Falguni Bose 140,Male,"M.Sc, Ph.D",F_140,140 fbose@gmail.com,F.B 140,9933225700,112233554600
401,Falguni Bose 141,Male,"M.Sc, Ph.D",F_141,141 fbose@gmail.com,F.B 141,9933225701,112233554601
401,Falguni Bose 142,Male,"M.Sc, Ph.D",F_142,142 fbose@gmail.com,F.B 142,9933225702,112233554602
401,Falguni Bose 143,Male,"M.Sc, Ph.D",F_143,143 fbose@gmail.com,F.B 143,9933225703,112233554603
401,Falguni Bose 144,Female,"M.Sc, Ph.D",F_144,144 fbose@gmail.com,F.B 144,9933225704,112233554604
401,Falguni Bose 145,Male,M.Tech,F_145,145 fbose@gmail.com,F.B 145,9933225705,112233554605
401,Falguni Bose 146,Male,"M.Sc, Ph.D",F_146,146 fbose@gmail.com,F.B 146,9933225706,112233554606
401,Falguni Bose 147,Male,M.Sc,F_147,147 fbose@gmail.com,F.B 147,9933225707,112233554607
401,Falguni Bose 148,Female,"M.Sc, Ph.D",F_148,148 fbose@gmail.com,F.B 148,9933225708,112233554608
401,Falguni Bose 149,Male,"M.Sc, Ph.D",F_149,149 fbose@gmail.com,F.B 149,9933225709,112233554609
401,Falguni Bose 150,Male,"M.Sc, Ph.D",F_150,150 fbose@gmail.com,F.B 150,9933225710,112233554610
402,Sudipta Bose 1,Male,"M.Sc, Ph.D",S_01,1 sbose@gmail.com,S.B 1,9933225711,112233554611
402,Sudipta Bose 2,Male,M.Sc,S_02,2 sbose@gmail.com,S.B 2,9933225712,112233554612
402,Sudipta Bose 3,Male,"M.Sc, Ph.D",S_03,3 sbose@gmail.com,S.B 3,9933225713,112233554613
402,Sudipta Bose 4,Male,"M.Sc, Ph.D",S_04,4 sbose@gmail.com,S.B 4,9933225714,112233554614
402,Sudipta Bose 5,Female,"M.Sc, Ph.D",S_05,5 sbose@gmail.com,S.B 5,9933225715,112233554615
402,Sudipta Bose 6,Male,"M.Sc, Ph.D",S_06,6 sbose@gmail.com,S.B 6,9933225716,112233554616
402,Sudipta Bose 7,Male,M.Tech,S_07,7 sbose@gmail.com,S.B 7,9933225717,112233554617
402,Sudipta Bose 8,Male,"M.Sc, Ph.D",S_08,8 sbose@gmail.com,S.B 8,9933225718,112233554618
402,Sudipta Bose 9,Male,"M.Sc, Ph.D",S_09,9 sbose@gmail.com,S.B 9,9933225719,112233554619
402,Sudipta Bose 10,Male,"M.Sc, Ph.D",S_10,10 sbose@gmail.com,S.B 10,9933225720,112233554620
402,Sudipta Bose 11,Female,"M.Sc, Ph.D",S_11,11 sbose@gmail.com,S.B 11,9933225721,112233554621
402,Sudipta Bose 12,Male,"M.Sc, Ph.D",S_12,12 sbose@gmail.com,S.B 12,9933225722,112233554622
402,Sudipta Bose 13,Male,M.Tech,S_13,13 sbose@gmail.com,S.B 13,9933225723,112233554623
402,Sudipta Bose 14,Male,"M.Sc, Ph.D",S_14,14 sbose@gmail.com,S.B 14,9933225724,112233554624
402,Sudipta Bose 15,Female,M.Sc,S_15,15 sbose@gmail.com,S.B 15,9933225725,112233554625
402,Sudipta Bose 16,Male,"M.Sc, Ph.D",S_16,16 sbose@gmail.com,S.B 16,9933225726,112233554626
402,Sudipta Bose 17,Male,"M.Sc, Ph.D",S_17,17 sbose@gmail.com,S.B 17,9933225727,112233554627
402,Sudipta Bose 18,Male,"M.Sc, Ph.D",S_18,18 sbose@gmail.com,S.B 18,9933225728,112233554628
402,Sudipta Bose 19,Female,M.Tech,S_19,19 sbose@gmail.com,S.B 19,9933225729,112233554629
402,Sudipta Bose 20,Male,"M.Sc, Ph.D",S_20,20 sbose@gmail.com,S.B 20,9933225730,112233554630
402,Sudipta Bose 21,Male,B.SC,S_21,21 sbose@gmail.com,S.B 21,9933225731,112233554631
402,Sudipta Bose 22,Male,B.COM,S_22,22 sbose@gmail.com,S.B 22,9933225732,112233554632
402,Sudipta Bose 23,Male,"M.Sc, Ph.D",S_23,23 sbose@gmail.com,S.B 23,9933225733,112233554633
402,Sudipta Bose 24,Female,M.Sc,S_24,24 sbose@gmail.com,S.B 24,9933225734,112233554634
402,Sudipta Bose 25,Male,"M.Sc, Ph.D",S_25,25 sbose@gmail.com,S.B 25,9933225735,112233554635
402,Sudipta Bose 26,Male,"M.Sc, Ph.D",S_26,26 sbose@gmail.com,S.B 26,9933225736,112233554636
402,Sudipta Bose 27,Male,"M.Sc, Ph.D",S_27,27 sbose@gmail.com,S.B 27,9933225737,112233554637
402,Sudipta Bose 28,Male,"M.Sc, Ph.D",S_28,28 sbose@gmail.com,S.B 28,9933225738,112233554638
402,Sudipta Bose 29,Male,M.Tech,S_29,29 sbose@gmail.com,S.B 29,9933225739,112233554639
402,Sudipta Bose 30,Female,"M.Sc, Ph.D",S_30,30 sbose@gmail.com,S.B 30,9933225740,112233554640
402,Sudipta Bose 31,Male,"M.Sc, Ph.D",S_31,31 sbose@gmail.com,S.B 31,9933225741,112233554641
402,Sudipta Bose 32,Male,"M.Sc, Ph.D",S_32,32 sbose@gmail.com,S.B 32,9933225742,112233554642
402,Sudipta Bose 33,Male,"M.Sc, Ph.D",S_33,33 sbose@gmail.com,S.B 33,9933225743,112233554643
402,Sudipta Bose 34,Female,"M.Sc, Ph.D",S_34,34 sbose@gmail.com,S.B 34,9933225744,112233554644
402,Sudipta Bose 35,Male,M.Tech,S_35,35 sbose@gmail.com,S.B 35,9933225745,112233554645
402,Sudipta Bose 36,Male,"M.Sc, Ph.D",S_36,36 sbose@gmail.com,S.B 36,9933225746,112233554646
402,Sudipta Bose 37,Male,M.Sc,S_37,37 sbose@gmail.com,S.B 37,9933225747,112233554647
402,Sudipta Bose 38,Female,"M.Sc, Ph.D",S_38,38 sbose@gmail.com,S.B 38,9933225748,112233554648
402,Sudipta Bose 39,Male,"M.Sc, Ph.D",S_39,39 sbose@gmail.com,S.B 39,9933225749,112233554649
402,Sudipta Bose 40,Male,"M.Sc, Ph.D",S_40,40 sbose@gmail.com,S.B 40,9933225750,112233554650
402,Sudipta Bose 41,Male,M.Tech,S_41,41 sbose@gmail.com,S.B 41,9933225751,112233554651
402,Sudipta Bose 42,Male,"M.Sc, Ph.D",S_42,42 sbose@gmail.com,S.B 42,9933225752,112233554652
402,Sudipta Bose 43,Female,B.SC,S_43,43 sbose@gmail.com,S.B 43,9933225753,112233554653
402,Sudipta Bose 44,Male,B.COM,S_44,44 sbose@gmail.com,S.B 44,9933225754,112233554654
402,Sudipta Bose 45,Male,"M.Sc, Ph.D",S_45,45 sbose@gmail.com,S.B 45,9933225755,112233554655
402,Sudipta Bose 46,Male,M.Sc,S_46,46 sbose@gmail.com,S.B 46,9933225756,112233554656
402,Sudipta Bose 47,Male,"M.Sc, Ph.D",S_47,47 sbose@gmail.com,S.B 47,9933225757,112233554657
402,Sudipta Bose 48,Male,"M.Sc, Ph.D",S_48,48 sbose@gmail.com,S.B 48,9933225758,112233554658
402,Sudipta Bose 49,Female,"M.Sc, Ph.D",S_49,49 sbose@gmail.com,S.B 49,9933225759,112233554659
402,Sudipta Bose 50,Male,"M.Sc, Ph.D",S_50,50 sbose@gmail.com,S.B 50,9933225760,112233554660
402,Sudipta Bose 51,Male,M.Tech,S_51,51 sbose@gmail.com,S.B 51,9933225761,112233554661
402,Sudipta Bose 52,Male,"M.Sc, Ph.D",S_52,52 sbose@gmail.com,S.B 52,9933225762,112233554662
402,Sudipta Bose 53,Female,"M.Sc, Ph.D",S_53,53 sbose@gmail.com,S.B 53,9933225763,112233554663
402,Sudipta Bose 54,Male,"M.Sc, Ph.D",S_54,54 sbose@gmail.com,S.B 54,9933225764,112233554664
402,Sudipta Bose 55,Male,"M.Sc, Ph.D",S_55,55 sbose@gmail.com,S.B 55,9933225765,112233554665
402,Sudipta Bose 56,Male,"M.Sc, Ph.D",S_56,56 sbose@gmail.com,S.B 56,9933225766,112233554666
402,Sudipta Bose 57,Female,M.Tech,S_57,57 sbose@gmail.com,S.B 57,9933225767,112233554667
402,Sudipta Bose 58,Male,"M.Sc, Ph.D",S_58,58 sbose@gmail.com,S.B 58,9933225768,112233554668
402,Sudipta Bose 59,Male,M.Sc,S_59,59 sbose@gmail.com,S.B 59,9933225769,112233554669
402,Sudipta Bose 60,Male,"M.Sc, Ph.D",S_60,60 sbose@gmail.com,S.B 60,9933225770,112233554670
402,Sudipta Bose 61,Male,"M.Sc, Ph.D",S_61,61 sbose@gmail.com,S.B 61,9933225771,112233554671
402,Sudipta Bose 62,Female,"M.Sc, Ph.D",S_62,62 sbose@gmail.com,S.B 62,9933225772,112233554672
402,Sudipta Bose 63,Male,M.Tech,S_63,63 sbose@gmail.com,S.B 63,9933225773,112233554673
402,Sudipta Bose 64,Male,"M.Sc, Ph.D",S_64,64 sbose@gmail.com,S.B 64,9933225774,112233554674
402,Sudipta Bose 65,Male,B.SC,S_65,65 sbose@gmail.com,S.B 65,9933225775,112233554675
402,Sudipta Bose 66,Male,B.COM,S_66,66 sbose@gmail.com,S.B 66,9933225776,112233554676
402,Sudipta Bose 67,Male,"M.Sc, Ph.D",S_67,67 sbose@gmail.com,S.B 67,9933225777,112233554677
402,Sudipta Bose 68,Female,M.Sc,S_68,68 sbose@gmail.com,S.B 68,9933225778,112233554678
402,Sudipta Bose 69,Male,"M.Sc, Ph.D",S_69,69 sbose@gmail.com,S.B 69,9933225779,112233554679
402,Sudipta Bose 70,Male,"M.Sc, Ph.D",S_70,70 sbose@gmail.com,S.B 70,9933225780,112233554680
402,Sudipta Bose 71,Male,"M.Sc, Ph.D",S_71,71 sbose@gmail.com,S.B 71,9933225781,112233554681
402,Sudipta Bose 72,Female,"M.Sc, Ph.D",S_72,72 sbose@gmail.com,S.B 72,9933225782,112233554682
402,Sudipta Bose 73,Male,M.Tech,S_73,73 sbose@gmail.com,S.B 73,9933225783,112233554683
402,Sudipta Bose 74,Male,"M.Sc, Ph.D",S_74,74 sbose@gmail.com,S.B 74,9933225784,112233554684
402,Sudipta Bose 75,Male,"M.Sc, Ph.D",S_75,75 sbose@gmail.com,S.B 75,9933225785,112233554685
402,Sudipta Bose 76,Female,"M.Sc, Ph.D",S_76,76 sbose@gmail.com,S.B 76,9933225786,112233554686
402,Sudipta Bose 77,Male,"M.Sc, Ph.D",S_77,77 sbose@gmail.com,S.B 77,9933225787,112233554687
402,Sudipta Bose 78,Male,"M.Sc, Ph.D",S_78,78 sbose@gmail.com,S.B 78,9933225788,112233554688
402,Sudipta Bose 79,Male,M.Tech,S_79,79 sbose@gmail.com,S.B 79,9933225789,112233554689
402,Sudipta Bose 80,Male,"M.Sc, Ph.D",S_80,80 sbose@gmail.com,S.B 80,9933225790,112233554690
402,Sudipta Bose 81,Female,M.Sc,S_81,81 sbose@gmail.com,S.B 81,9933225791,112233554691
402,Sudipta Bose 82,Male,"M.Sc, Ph.D",S_82,82 sbose@gmail.com,S.B 82,9933225792,112233554692
402,Sudipta Bose 83,Male,"M.Sc, Ph.D",S_83,83 sbose@gmail.com,S.B 83,9933225793,112233554693
402,Sudipta Bose 84,Male,"M.Sc, Ph.D",S_84,84 sbose@gmail.com,S.B 84,9933225794,112233554694
402,Sudipta Bose 85,Male,M.Tech,S_85,85 sbose@gmail.com,S.B 85,9933225795,112233554695
402,Sudipta Bose 86,Male,"M.Sc, Ph.D",S_86,86 sbose@gmail.com,S.B 86,9933225796,112233554696
402,Sudipta Bose 87,Female,B.SC,S_87,87 sbose@gmail.com,S.B 87,9933225797,112233554697
402,Sudipta Bose 88,Male,B.COM,S_88,88 sbose@gmail.com,S.B 88,9933225798,112233554698
402,Sudipta Bose 89,Male,"M.Sc, Ph.D",S_89,89 sbose@gmail.com,S.B 89,9933225799,112233554699
402,Sudipta Bose 90,Male,M.Sc,S_90,90 sbose@gmail.com,S.B 90,9933225800,112233554700
402,Sudipta Bose 91,Female,"M.Sc, Ph.D",S_91,91 sbose@gmail.com,S.B 91,9933225801,112233554701
402,Sudipta Bose 92,Male,"M.Sc, Ph.D",S_92,92 sbose@gmail.com,S.B 92,9933225802,112233554702
402,Sudipta Bose 93,Male,"M.Sc, Ph.D",S_93,93 sbose@gmail.com,S.B 93,9933225803,112233554703
402,Sudipta Bose 94,Male,"M.Sc, Ph.D",S_94,94 sbose@gmail.com,S.B 94,9933225804,112233554704
402,Sudipta Bose 95,Female,M.Tech,S_95,95 sbose@gmail.com,S.B 95,9933225805,112233554705
402,Sudipta Bose 96,Male,"M.Sc, Ph.D",S_96,96 sbose@gmail.com,S.B 96,9933225806,112233554706
402,Sudipta Bose 97,Male,"M.Sc, Ph.D",S_97,97 sbose@gmail.com,S.B 97,9933225807,112233554707
402,Sudipta Bose 98,Male,"M.Sc, Ph.D",S_98,98 sbose@gmail.com,S.B 98,9933225808,112233554708
402,Sudipta Bose 99,Male,"M.Sc, Ph.D",S_99,99 sbose@gmail.com,S.B 99,9933225809,112233554709
402,Sudipta Bose 100,Female,"M.Sc, Ph.D",S_100,100 sbose@gmail.com,S.B 100,9933225810,112233554710
402,Sudipta Bose 101,Male,M.Tech,S_101,101 sbose@gmail.com,S.B 101,9933225811,112233554711
402,Sudipta Bose 102,Male,"M.Sc, Ph.D",S_102,102 sbose@gmail.com,S.B 102,9933225812,112233554712
402,Sudipta Bose 103,Male,M.Sc,S_103,103 sbose@gmail.com,S.B 103,9933225813,112233554713
402,Sudipta Bose 104,Male,"M.Sc, Ph.D",S_104,104 sbose@gmail.com,S.B 104,9933225814,112233554714
402,Sudipta Bose 105,Male,"M.Sc, Ph.D",S_105,105 sbose@gmail.com,S.B 105,9933225815,112233554715
402,Sudipta Bose 106,Female,"M.Sc, Ph.D",S_106,106 sbose@gmail.com,S.B 106,9933225816,112233554716
402,Sudipta Bose 107,Male,M.Tech,S_107,107 sbose@gmail.com,S.B 107,9933225817,112233554717
402,Sudipta Bose 108,Male,"M.Sc, Ph.D",S_108,108 sbose@gmail.com,S.B 108,9933225818,112233554718
402,Sudipta Bose 109,Male,B.SC,S_109,109 sbose@gmail.com,S.B 109,9933225819,112233554719
402,Sudipta Bose 110,Female,B.COM,S_110,110 sbose@gmail.com,S.B 110,9933225820,112233554720
402,Sudipta Bose 111,Male,"M.Sc, Ph.D",S_111,111 sbose@gmail.com,S.B 111,9933225821,112233554721
402,Sudipta Bose 112,Male,M.Sc,S_112,112 sbose@gmail.com,S.B 112,9933225822,112233554722
402,Sudipta Bose 113,Male,"M.Sc, Ph.D",S_113,113 sbose@gmail.com,S.B 113,9933225823,112233554723
402,Sudipta Bose 114,Female,"M.Sc, Ph.D",S_114,114 sbose@gmail.com,S.B 114,9933225824,112233554724
402,Sudipta Bose 115,Male,"M.Sc, Ph.D",S_115,115 sbose@gmail.com,S.B 115,9933225825,112233554725
402,Sudipta Bose 116,Male,"M.Sc, Ph.D",S_116,116 sbose@gmail.com,S.B 116,9933225826,112233554726
402,Sudipta Bose 117,Male,M.Tech,S_117,117 sbose@gmail.com,S.B 117,9933225827,112233554727
402,Sudipta Bose 118,Male,"M.Sc, Ph.D",S_118,118 sbose@gmail.com,S.B 118,9933225828,112233554728
402,Sudipta Bose 119,Female,"M.Sc, Ph.D",S_119,119 sbose@gmail.com,S.B 119,9933225829,112233554729
402,Sudipta Bose 120,Male,"M.Sc, Ph.D",S_120,120 sbose@gmail.com,S.B 120,9933225830,112233554730
402,Sudipta Bose 121,Male,"M.Sc, Ph.D",S_121,121 sbose@gmail.com,S.B 121,9933225831,112233554731
402,Sudipta Bose 122,Male,"M.Sc, Ph.D",S_122,122 sbose@gmail.com,S.B 122,9933225832,112233554732
402,Sudipta Bose 123,Male,M.Tech,S_123,123 sbose@gmail.com,S.B 123,9933225833,112233554733
402,Sudipta Bose 124,Male,"M.Sc, Ph.D",S_124,124 sbose@gmail.com,S.B 124,9933225834,112233554734
402,Sudipta Bose 125,Female,M.Sc,S_125,125 sbose@gmail.com,S.B 125,9933225835,112233554735
402,Sudipta Bose 126,Male,"M.Sc, Ph.D",S_126,126 sbose@gmail.com,S.B 126,9933225836,112233554736
402,Sudipta Bose 127,Male,"M.Sc, Ph.D",S_127,127 sbose@gmail.com,S.B 127,9933225837,112233554737
402,Sudipta Bose 128,Male,"M.Sc, Ph.D",S_128,128 sbose@gmail.com,S.B 128,9933225838,112233554738
402,Sudipta Bose 129,Female,M.Tech,S_129,129 sbose@gmail.com,S.B 129,9933225839,112233554739
402,Sudipta Bose 130,Male,"M.Sc, Ph.D",S_130,130 sbose@gmail.com,S.B 130,9933225840,112233554740
402,Sudipta Bose 131,Male,B.SC,S_131,131 sbose@gmail.com,S.B 131,9933225841,112233554741
402,Sudipta Bose 132,Male,B.COM,S_132,132 sbose@gmail.com,S.B 132,9933225842,112233554742
402,Sudipta Bose 133,Female,"M.Sc, Ph.D",S_133,133 sbose@gmail.com,S.B 133,9933225843,112233554743
402,Sudipta Bose 134,Male,M.Sc,S_134,134 sbose@gmail.com,S.B 134,9933225844,112233554744
402,Sudipta Bose 135,Male,"M.Sc, Ph.D",S_135,135 sbose@gmail.com,S.B 135,9933225845,112233554745
402,Sudipta Bose 136,Male,"M.Sc, Ph.D",S_136,136 sbose@gmail.com,S.B 136,9933225846,112233554746
402,Sudipta Bose 137,Male,"M.Sc, Ph.D",S_137,137 sbose@gmail.com,S.B 137,9933225847,112233554747
402,Sudipta Bose 138,Female,"M.Sc, Ph.D",S_138,138 sbose@gmail.com,S.B 138,9933225848,112233554748
402,Sudipta Bose 139,Male,M.Tech,S_139,139 sbose@gmail.com,S.B 139,9933225849,112233554749
402,Sudipta Bose 140,Male,"M.Sc, Ph.D",S_140,140 sbose@gmail.com,S.B 140,9933225850,112233554750
402,Sudipta Bose 141,Male,"M.Sc, Ph.D",S_141,141 sbose@gmail.com,S.B 141,9933225851,112233554751
402,Sudipta Bose 142,Male,"M.Sc, Ph.D",S_142,142 sbose@gmail.com,S.B 142,9933225852,112233554752
402,Sudipta Bose 143,Male,"M.Sc, Ph.D",S_143,143 sbose@gmail.com,S.B 143,9933225853,112233554753
402,Sudipta Bose 144,Female,"M.Sc, Ph.D",S_144,144 sbose@gmail.com,S.B 144,9933225854,112233554754
402,Sudipta Bose 145,Male,M.Tech,S_145,145 sbose@gmail.com,S.B 145,9933225855,112233554755
402,Sudipta Bose 146,Male,"M.Sc, Ph.D",S_146,146 sbose@gmail.com,S.B 146,9933225856,112233554756
402,Sudipta Bose 147,Male,M.Sc,S_147,147 sbose@gmail.com,S.B 147,9933225857,112233554757
402,Sudipta Bose 148,Female,"M.Sc, Ph.D",S_148,148 sbose@gmail.com,S.B 148,9933225858,112233554758
402,Sudipta Bose 149,Male,"M.Sc, Ph.D",S_149,149 sbose@gmail.com,S.B 149,9933225859,112233554759
402,Sudipta Bose 150,Male,"M.Sc, Ph.D",S_150,150 sbose@gmail.com,S.B 150,9933225860,112233554760
403,Paban Bose 1,Male,"M.Sc, Ph.D",P_1,1 pbose@gmail.com,P.B.1,9933225861,112233554761
403,Paban Bose 2,Male,M.Sc,P_2,2 pbose@gmail.com,P.B.2,9933225862,112233554762
403,Paban Bose 3,Male,"M.Sc, Ph.D",P_3,3 pbose@gmail.com,P.B.3,9933225863,112233554763
403,Paban Bose 4,Male,"M.Sc, Ph.D",P_4,4 pbose@gmail.com,P.B.4,9933225864,112233554764
403,Paban Bose 5,Female,"M.Sc, Ph.D",P_5,5 pbose@gmail.com,P.B.5,9933225865,112233554765
403,Paban Bose 6,Male,"M.Sc, Ph.D",P_6,6 pbose@gmail.com,P.B.6,9933225866,112233554766
403,Paban Bose 7,Male,M.Tech,P_7,7 pbose@gmail.com,P.B.7,9933225867,112233554767
403,Paban Bose 8,Male,"M.Sc, Ph.D",P_8,8 pbose@gmail.com,P.B.8,9933225868,112233554768
403,Paban Bose 9,Male,"M.Sc, Ph.D",P_9,9 pbose@gmail.com,P.B.9,9933225869,112233554769
403,Paban Bose 10,Male,"M.Sc, Ph.D",P_10,10 pbose@gmail.com,P.B.10,9933225870,112233554770
403,Paban Bose 11,Female,"M.Sc, Ph.D",P_11,11 pbose@gmail.com,P.B.11,9933225871,112233554771
403,Paban Bose 12,Male,"M.Sc, Ph.D",P_12,12 pbose@gmail.com,P.B.12,9933225872,112233554772
403,Paban Bose 13,Male,M.Tech,P_13,13 pbose@gmail.com,P.B.13,9933225873,112233554773
403,Paban Bose 14,Male,"M.Sc, Ph.D",P_14,14 pbose@gmail.com,P.B.14,9933225874,112233554774
403,Paban Bose 15,Female,M.Sc,P_15,15 pbose@gmail.com,P.B.15,9933225875,112233554775
403,Paban Bose 16,Male,"M.Sc, Ph.D",P_16,16 pbose@gmail.com,P.B.16,9933225876,112233554776
403,Paban Bose 17,Male,"M.Sc, Ph.D",P_17,17 pbose@gmail.com,P.B.17,9933225877,112233554777
403,Paban Bose 18,Male,"M.Sc, Ph.D",P_18,18 pbose@gmail.com,P.B.18,9933225878,112233554778
403,Paban Bose 19,Female,M.Tech,P_19,19 pbose@gmail.com,P.B.19,9933225879,112233554779
403,Paban Bose 20,Male,"M.Sc, Ph.D",P_20,20 pbose@gmail.com,P.B.20,9933225880,112233554780
403,Paban Bose 21,Male,B.SC,P_21,21 pbose@gmail.com,P.B.21,9933225881,112233554781
403,Paban Bose 22,Male,B.COM,P_22,22 pbose@gmail.com,P.B.22,9933225882,112233554782
403,Paban Bose 23,Male,"M.Sc, Ph.D",P_23,23 pbose@gmail.com,P.B.23,9933225883,112233554783
403,Paban Bose 24,Female,M.Sc,P_24,24 pbose@gmail.com,P.B.24,9933225884,112233554784
403,Paban Bose 25,Male,"M.Sc, Ph.D",P_25,25 pbose@gmail.com,P.B.25,9933225885,112233554785
403,Paban Bose 26,Male,"M.Sc, Ph.D",P_26,26 pbose@gmail.com,P.B.26,9933225886,112233554786
403,Paban Bose 27,Male,"M.Sc, Ph.D",P_27,27 pbose@gmail.com,P.B.27,9933225887,112233554787
403,Paban Bose 28,Male,"M.Sc, Ph.D",P_28,28 pbose@gmail.com,P.B.28,9933225888,112233554788
403,Paban Bose 29,Male,M.Tech,P_29,29 pbose@gmail.com,P.B.29,9933225889,112233554789
403,Paban Bose 30,Female,"M.Sc, Ph.D",P_30,30 pbose@gmail.com,P.B.30,9933225890,112233554790
403,Paban Bose 31,Male,"M.Sc, Ph.D",P_31,31 pbose@gmail.com,P.B.31,9933225891,112233554791
403,Paban Bose 32,Male,"M.Sc, Ph.D",P_32,32 pbose@gmail.com,P.B.32,9933225892,112233554792
403,Paban Bose 33,Male,"M.Sc, Ph.D",P_33,33 pbose@gmail.com,P.B.33,9933225893,112233554793
403,Paban Bose 34,Female,"M.Sc, Ph.D",P_34,34 pbose@gmail.com,P.B.34,9933225894,112233554794
403,Paban Bose 35,Male,M.Tech,P_35,35 pbose@gmail.com,P.B.35,9933225895,112233554795
403,Paban Bose 36,Male,"M.Sc, Ph.D",P_36,36 pbose@gmail.com,P.B.36,9933225896,112233554796
403,Paban Bose 37,Male,M.Sc,P_37,37 pbose@gmail.com,P.B.37,9933225897,112233554797
403,Paban Bose 38,Female,"M.Sc, Ph.D",P_38,38 pbose@gmail.com,P.B.38,9933225898,112233554798
403,Paban Bose 39,Male,"M.Sc, Ph.D",P_39,39 pbose@gmail.com,P.B.39,9933225899,112233554799
403,Paban Bose 40,Male,"M.Sc, Ph.D",P_40,40 pbose@gmail.com,P.B.40,9933225900,112233554800
403,Paban Bose 41,Male,M.Tech,P_41,41 pbose@gmail.com,P.B.41,9933225901,112233554801
403,Paban Bose 42,Male,"M.Sc, Ph.D",P_42,42 pbose@gmail.com,P.B.42,9933225902,112233554802
403,Paban Bose 43,Female,B.SC,P_43,43 pbose@gmail.com,P.B.43,9933225903,112233554803
403,Paban Bose 44,Male,B.COM,P_44,44 pbose@gmail.com,P.B.44,9933225904,112233554804
403,Paban Bose 45,Male,"M.Sc, Ph.D",P_45,45 pbose@gmail.com,P.B.45,9933225905,112233554805
403,Paban Bose 46,Male,M.Sc,P_46,46 pbose@gmail.com,P.B.46,9933225906,112233554806
403,Paban Bose 47,Male,"M.Sc, Ph.D",P_47,47 pbose@gmail.com,P.B.47,9933225907,112233554807
403,Paban Bose 48,Male,"M.Sc, Ph.D",P_48,48 pbose@gmail.com,P.B.48,9933225908,112233554808
403,Paban Bose 49,Female,"M.Sc, Ph.D",P_49,49 pbose@gmail.com,P.B.49,9933225909,112233554809
403,Paban Bose 50,Male,"M.Sc, Ph.D",P_50,50 pbose@gmail.com,P.B.50,9933225910,112233554810
403,Paban Bose 51,Male,M.Tech,P_51,51 pbose@gmail.com,P.B.51,9933225911,112233554811
403,Paban Bose 52,Male,"M.Sc, Ph.D",P_52,52 pbose@gmail.com,P.B.52,9933225912,112233554812
403,Paban Bose 53,Female,"M.Sc, Ph.D",P_53,53 pbose@gmail.com,P.B.53,9933225913,112233554813
403,Paban Bose 54,Male,"M.Sc, Ph.D",P_54,54 pbose@gmail.com,P.B.54,9933225914,112233554814
403,Paban Bose 55,Male,"M.Sc, Ph.D",P_55,55 pbose@gmail.com,P.B.55,9933225915,112233554815
403,Paban Bose 56,Male,"M.Sc, Ph.D",P_56,56 pbose@gmail.com,P.B.56,9933225916,112233554816
403,Paban Bose 57,Female,M.Tech,P_57,57 pbose@gmail.com,P.B.57,9933225917,112233554817
403,Paban Bose 58,Male,"M.Sc, Ph.D",P_58,58 pbose@gmail.com,P.B.58,9933225918,112233554818
403,Paban Bose 59,Male,M.Sc,P_59,59 pbose@gmail.com,P.B.59,9933225919,112233554819
403,Paban Bose 60,Male,"M.Sc, Ph.D",P_60,60 pbose@gmail.com,P.B.60,9933225920,112233554820
403,Paban Bose 61,Male,"M.Sc, Ph.D",P_61,61 pbose@gmail.com,P.B.61,9933225921,112233554821
403,Paban Bose 62,Female,"M.Sc, Ph.D",P_62,62 pbose@gmail.com,P.B.62,9933225922,112233554822
403,Paban Bose 63,Male,M.Tech,P_63,63 pbose@gmail.com,P.B.63,9933225923,112233554823
403,Paban Bose 64,Male,"M.Sc, Ph.D",P_64,64 pbose@gmail.com,P.B.64,9933225924,112233554824
403,Paban Bose 65,Male,B.SC,P_65,65 pbose@gmail.com,P.B.65,9933225925,112233554825
403,Paban Bose 66,Male,B.COM,P_66,66 pbose@gmail.com,P.B.66,9933225926,112233554826
403,Paban Bose 67,Male,"M.Sc, Ph.D",P_67,67 pbose@gmail.com,P.B.67,9933225927,112233554827
403,Paban Bose 68,Female,M.Sc,P_68,68 pbose@gmail.com,P.B.68,9933225928,112233554828
403,Paban Bose 69,Male,"M.Sc, Ph.D",P_69,69 pbose@gmail.com,P.B.69,9933225929,112233554829
403,Paban Bose 70,Male,"M.Sc, Ph.D",P_70,70 pbose@gmail.com,P.B.70,9933225930,112233554830
403,Paban Bose 71,Male,"M.Sc, Ph.D",P_71,71 pbose@gmail.com,P.B.71,9933225931,112233554831
403,Paban Bose 72,Female,"M.Sc, Ph.D",P_72,72 pbose@gmail.com,P.B.72,9933225932,112233554832
403,Paban Bose 73,Male,M.Tech,P_73,73 pbose@gmail.com,P.B.73,9933225933,112233554833
403,Paban Bose 74,Male,"M.Sc, Ph.D",P_74,74 pbose@gmail.com,P.B.74,9933225934,112233554834
403,Paban Bose 75,Male,"M.Sc, Ph.D",P_75,75 pbose@gmail.com,P.B.75,9933225935,112233554835
403,Paban Bose 76,Female,"M.Sc, Ph.D",P_76,76 pbose@gmail.com,P.B.76,9933225936,112233554836
403,Paban Bose 77,Male,"M.Sc, Ph.D",P_77,77 pbose@gmail.com,P.B.77,9933225937,112233554837
403,Paban Bose 78,Male,"M.Sc, Ph.D",P_78,78 pbose@gmail.com,P.B.78,9933225938,112233554838
403,Paban Bose 79,Male,M.Tech,P_79,79 pbose@gmail.com,P.B.79,9933225939,112233554839
403,Paban Bose 80,Male,"M.Sc, Ph.D",P_80,80 pbose@gmail.com,P.B.80,9933225940,112233554840
403,Paban Bose 81,Female,M.Sc,P_81,81 pbose@gmail.com,P.B.81,9933225941,112233554841
403,Paban Bose 82,Male,"M.Sc, Ph.D",P_82,82 pbose@gmail.com,P.B.82,9933225942,112233554842
403,Paban Bose 83,Male,"M.Sc, Ph.D",P_83,83 pbose@gmail.com,P.B.83,9933225943,112233554843
403,Paban Bose 84,Male,"M.Sc, Ph.D",P_84,84 pbose@gmail.com,P.B.84,9933225944,112233554844
403,Paban Bose 85,Male,M.Tech,P_85,85 pbose@gmail.com,P.B.85,9933225945,112233554845
403,Paban Bose 86,Male,"M.Sc, Ph.D",P_86,86 pbose@gmail.com,P.B.86,9933225946,112233554846
403,Paban Bose 87,Female,B.SC,P_87,87 pbose@gmail.com,P.B.87,9933225947,112233554847
403,Paban Bose 88,Male,B.COM,P_88,88 pbose@gmail.com,P.B.88,9933225948,112233554848
403,Paban Bose 89,Male,"M.Sc, Ph.D",P_89,89 pbose@gmail.com,P.B.89,9933225949,112233554849
403,Paban Bose 90,Male,M.Sc,P_90,90 pbose@gmail.com,P.B.90,9933225950,112233554850
403,Paban Bose 91,Female,"M.Sc, Ph.D",P_91,91 pbose@gmail.com,P.B.91,9933225951,112233554851
403,Paban Bose 92,Male,"M.Sc, Ph.D",P_92,92 pbose@gmail.com,P.B.92,9933225952,112233554852
403,Paban Bose 93,Male,"M.Sc, Ph.D",P_93,93 pbose@gmail.com,P.B.93,9933225953,112233554853
403,Paban Bose 94,Male,"M.Sc, Ph.D",P_94,94 pbose@gmail.com,P.B.94,9933225954,112233554854
403,Paban Bose 95,Female,M.Tech,P_95,95 pbose@gmail.com,P.B.95,9933225955,112233554855
403,Paban Bose 96,Male,"M.Sc, Ph.D",P_96,96 pbose@gmail.com,P.B.96,9933225956,112233554856
403,Paban Bose 97,Male,"M.Sc, Ph.D",P_97,97 pbose@gmail.com,P.B.97,9933225957,112233554857
403,Paban Bose 98,Male,"M.Sc, Ph.D",P_98,98 pbose@gmail.com,P.B.98,9933225958,112233554858
403,Paban Bose 99,Male,"M.Sc, Ph.D",P_99,99 pbose@gmail.com,P.B.99,9933225959,112233554859
403,Paban Bose 100,Female,"M.Sc, Ph.D",P_100,100 pbose@gmail.com,P.B.100,9933225960,112233554860
403,Paban Bose 101,Male,M.Tech,P_101,101 pbose@gmail.com,P.B.101,9933225961,112233554861
403,Paban Bose 102,Male,"M.Sc, Ph.D",P_102,102 pbose@gmail.com,P.B.102,9933225962,112233554862
403,Paban Bose 103,Male,M.Sc,P_103,103 pbose@gmail.com,P.B.103,9933225963,112233554863
403,Paban Bose 104,Male,"M.Sc, Ph.D",P_104,104 pbose@gmail.com,P.B.104,9933225964,112233554864
403,Paban Bose 105,Male,"M.Sc, Ph.D",P_105,105 pbose@gmail.com,P.B.105,9933225965,112233554865
403,Paban Bose 106,Female,"M.Sc, Ph.D",P_106,106 pbose@gmail.com,P.B.106,9933225966,112233554866
403,Paban Bose 107,Male,M.Tech,P_107,107 pbose@gmail.com,P.B.107,9933225967,112233554867
403,Paban Bose 108,Male,"M.Sc, Ph.D",P_108,108 pbose@gmail.com,P.B.108,9933225968,112233554868
403,Paban Bose 109,Male,B.SC,P_109,109 pbose@gmail.com,P.B.109,9933225969,112233554869
403,Paban Bose 110,Female,B.COM,P_110,110 pbose@gmail.com,P.B.110,9933225970,112233554870
403,Paban Bose 111,Male,"M.Sc, Ph.D",P_111,111 pbose@gmail.com,P.B.111,9933225971,112233554871
403,Paban Bose 112,Male,M.Sc,P_112,112 pbose@gmail.com,P.B.112,9933225972,112233554872
403,Paban Bose 113,Male,"M.Sc, Ph.D",P_113,113 pbose@gmail.com,P.B.113,9933225973,112233554873
403,Paban Bose 114,Female,"M.Sc, Ph.D",P_114,114 pbose@gmail.com,P.B.114,9933225974,112233554874
403,Paban Bose 115,Male,"M.Sc, Ph.D",P_115,115 pbose@gmail.com,P.B.115,9933225975,112233554875
403,Paban Bose 116,Male,"M.Sc, Ph.D",P_116,116 pbose@gmail.com,P.B.116,9933225976,112233554876
403,Paban Bose 117,Male,M.Tech,P_117,117 pbose@gmail.com,P.B.117,9933225977,112233554877
403,Paban Bose 118,Male,"M.Sc, Ph.D",P_118,118 pbose@gmail.com,P.B.118,9933225978,112233554878
403,Paban Bose 119,Female,"M.Sc, Ph.D",P_119,119 pbose@gmail.com,P.B.119,9933225979,112233554879
403,Paban Bose 120,Male,"M.Sc, Ph.D",P_120,120 pbose@gmail.com,P.B.120,9933225980,112233554880
403,Paban Bose 121,Male,"M.Sc, Ph.D",P_121,121 pbose@gmail.com,P.B.121,9933225981,112233554881
403,Paban Bose 122,Male,"M.Sc, Ph.D",P_122,122 pbose@gmail.com,P.B.122,9933225982,112233554882
403,Paban Bose 123,Male,M.Tech,P_123,123 pbose@gmail.com,P.B.123,9933225983,112233554883
403,Paban Bose 124,Male,"M.Sc, Ph.D",P_124,124 pbose@gmail.com,P.B.124,9933225984,112233554884
403,Paban Bose 125,Female,M.Sc,P_125,125 pbose@gmail.com,P.B.125,9933225985,112233554885
403,Paban Bose 126,Male,"M.Sc, Ph.D",P_126,126 pbose@gmail.com,P.B.126,9933225986,112233554886
403,Paban Bose 127,Male,"M.Sc, Ph.D",P_127,127 pbose@gmail.com,P.B.127,9933225987,112233554887
403,Paban Bose 128,Male,"M.Sc, Ph.D",P_128,128 pbose@gmail.com,P.B.128,9933225988,112233554888
403,Paban Bose 129,Female,M.Tech,P_129,129 pbose@gmail.com,P.B.129,9933225989,112233554889
403,Paban Bose 130,Male,"M.Sc, Ph.D",P_130,130 pbose@gmail.com,P.B.130,9933225990,112233554890
403,Paban Bose 131,Male,B.SC,P_131,131 pbose@gmail.com,P.B.131,9933225991,112233554891
403,Paban Bose 132,Male,B.COM,P_132,132 pbose@gmail.com,P.B.132,9933225992,112233554892
403,Paban Bose 133,Female,"M.Sc, Ph.D",P_133,133 pbose@gmail.com,P.B.133,9933225993,112233554893
403,Paban Bose 134,Male,M.Sc,P_134,134 pbose@gmail.com,P.B.134,9933225994,112233554894
403,Paban Bose 135,Male,"M.Sc, Ph.D",P_135,135 pbose@gmail.com,P.B.135,9933225995,112233554895
403,Paban Bose 136,Male,"M.Sc, Ph.D",P_136,136 pbose@gmail.com,P.B.136,9933225996,112233554896
403,Paban Bose 137,Male,"M.Sc, Ph.D",P_137,137 pbose@gmail.com,P.B.137,9933225997,112233554897
403,Paban Bose 138,Female,"M.Sc, Ph.D",P_138,138 pbose@gmail.com,P.B.138,9933225998,112233554898
403,Paban Bose 139,Male,M.Tech,P_139,139 pbose@gmail.com,P.B.139,9933225999,112233554899
403,Paban Bose 140,Male,"M.Sc, Ph.D",P_140,140 pbose@gmail.com,P.B.140,9933226000,112233554900
403,Paban Bose 141,Male,"M.Sc, Ph.D",P_141,141 pbose@gmail.com,P.B.141,9933226001,112233554901
403,Paban Bose 142,Male,"M.Sc, Ph.D",P_142,142 pbose@gmail.com,P.B.142,9933226002,112233554902
403,Paban Bose 143,Male,"M.Sc, Ph.D",P_143,143 pbose@gmail.com,P.B.143,9933226003,112233554903
403,Paban Bose 144,Female,"M.Sc, Ph.D",P_144,144 pbose@gmail.com,P.B.144,9933226004,112233554904
403,Paban Bose 145,Male,M.Tech,P_145,145 pbose@gmail.com,P.B.145,9933226005,112233554905
403,Paban Bose 146,Male,"M.Sc, Ph.D",P_146,146 pbose@gmail.com,P.B.146,9933226006,112233554906
403,Paban Bose 147,Male,M.Sc,P_147,147 pbose@gmail.com,P.B.147,9933226007,112233554907
403,Paban Bose 148,Female,"M.Sc, Ph.D",P_148,148 pbose@gmail.com,P.B.148,9933226008,112233554908
403,Paban Bose 149,Male,"M.Sc, Ph.D",P_149,149 pbose@gmail.com,P.B.149,9933226009,112233554909
403,Paban Bose 150,Male,"M.Sc, Ph.D",P_150,150 pbose@gmail.com,P.B.150,9933226010,112233554910
404,Arindam Bose 1,Male,"M.Sc, Ph.D",A_1,1 abose@gmail.com,A.B.1,9933226011,112233554911
404,Arindam Bose 2,Male,M.Sc,A_2,2 abose@gmail.com,A.B.2,9933226012,112233554912
404,Arindam Bose 3,Male,"M.Sc, Ph.D",A_3,3 abose@gmail.com,A.B.3,9933226013,112233554913
404,Arindam Bose 4,Male,"M.Sc, Ph.D",A_4,4 abose@gmail.com,A.B.4,9933226014,112233554914
404,Arindam Bose 5,Female,"M.Sc, Ph.D",A_5,5 abose@gmail.com,A.B.5,9933226015,112233554915
404,Arindam Bose 6,Male,"M.Sc, Ph.D",A_6,6 abose@gmail.com,A.B.6,9933226016,112233554916
404,Arindam Bose 7,Male,M.Tech,A_7,7 abose@gmail.com,A.B.7,9933226017,112233554917
404,Arindam Bose 8,Male,"M.Sc, Ph.D",A_8,8 abose@gmail.com,A.B.8,9933226018,112233554918
404,Arindam Bose 9,Male,"M.Sc, Ph.D",A_9,9 abose@gmail.com,A.B.9,9933226019,112233554919
404,Arindam Bose 10,Male,"M.Sc, Ph.D",A_10,10 abose@gmail.com,A.B.10,9933226020,112233554920
404,Arindam Bose 11,Female,"M.Sc, Ph.D",A_11,11 abose@gmail.com,A.B.11,9933226021,112233554921
404,Arindam Bose 12,Male,"M.Sc, Ph.D",A_12,12 abose@gmail.com,A.B.12,9933226022,112233554922
404,Arindam Bose 13,Male,M.Tech,A_13,13 abose@gmail.com,A.B.13,9933226023,112233554923
404,Arindam Bose 14,Male,"M.Sc, Ph.D",A_14,14 abose@gmail.com,A.B.14,9933226024,112233554924
404,Arindam Bose 15,Female,M.Sc,A_15,15 abose@gmail.com,A.B.15,9933226025,112233554925
404,Arindam Bose 16,Male,"M.Sc, Ph.D",A_16,16 abose@gmail.com,A.B.16,9933226026,112233554926
404,Arindam Bose 17,Male,"M.Sc, Ph.D",A_17,17 abose@gmail.com,A.B.17,9933226027,112233554927
404,Arindam Bose 18,Male,"M.Sc, Ph.D",A_18,18 abose@gmail.com,A.B.18,9933226028,112233554928
404,Arindam Bose 19,Female,M.Tech,A_19,19 abose@gmail.com,A.B.19,9933226029,112233554929
404,Arindam Bose 20,Male,"M.Sc, Ph.D",A_20,20 abose@gmail.com,A.B.20,9933226030,112233554930
404,Arindam Bose 21,Male,B.SC,A_21,21 abose@gmail.com,A.B.21,9933226031,112233554931
404,Arindam Bose 22,Male,B.COM,A_22,22 abose@gmail.com,A.B.22,9933226032,112233554932
404,Arindam Bose 23,Male,"M.Sc, Ph.D",A_23,23 abose@gmail.com,A.B.23,9933226033,112233554933
404,Arindam Bose 24,Female,M.Sc,A_24,24 abose@gmail.com,A.B.24,9933226034,112233554934
404,Arindam Bose 25,Male,"M.Sc, Ph.D",A_25,25 abose@gmail.com,A.B.25,9933226035,112233554935
404,Arindam Bose 26,Male,"M.Sc, Ph.D",A_26,26 abose@gmail.com,A.B.26,9933226036,112233554936
404,Arindam Bose 27,Male,"M.Sc, Ph.D",A_27,27 abose@gmail.com,A.B.27,9933226037,112233554937
404,Arindam Bose 28,Male,"M.Sc, Ph.D",A_28,28 abose@gmail.com,A.B.28,9933226038,112233554938
404,Arindam Bose 29,Male,M.Tech,A_29,29 abose@gmail.com,A.B.29,9933226039,112233554939
404,Arindam Bose 30,Female,"M.Sc, Ph.D",A_30,30 abose@gmail.com,A.B.30,9933226040,112233554940
404,Arindam Bose 31,Male,"M.Sc, Ph.D",A_31,31 abose@gmail.com,A.B.31,9933226041,112233554941
404,Arindam Bose 32,Male,"M.Sc, Ph.D",A_32,32 abose@gmail.com,A.B.32,9933226042,112233554942
404,Arindam Bose 33,Male,"M.Sc, Ph.D",A_33,33 abose@gmail.com,A.B.33,9933226043,112233554943
404,Arindam Bose 34,Female,"M.Sc, Ph.D",A_34,34 abose@gmail.com,A.B.34,9933226044,112233554944
404,Arindam Bose 35,Male,M.Tech,A_35,35 abose@gmail.com,A.B.35,9933226045,112233554945
404,Arindam Bose 36,Male,"M.Sc, Ph.D",A_36,36 abose@gmail.com,A.B.36,9933226046,112233554946
404,Arindam Bose 37,Male,M.Sc,A_37,37 abose@gmail.com,A.B.37,9933226047,112233554947
404,Arindam Bose 38,Female,"M.Sc, Ph.D",A_38,38 abose@gmail.com,A.B.38,9933226048,112233554948
404,Arindam Bose 39,Male,"M.Sc, Ph.D",A_39,39 abose@gmail.com,A.B.39,9933226049,112233554949
404,Arindam Bose 40,Male,"M.Sc, Ph.D",A_40,40 abose@gmail.com,A.B.40,9933226050,112233554950
404,Arindam Bose 41,Male,M.Tech,A_41,41 abose@gmail.com,A.B.41,9933226051,112233554951
404,Arindam Bose 42,Male,"M.Sc, Ph.D",A_42,42 abose@gmail.com,A.B.42,9933226052,112233554952
404,Arindam Bose 43,Female,B.SC,A_43,43 abose@gmail.com,A.B.43,9933226053,112233554953
404,Arindam Bose 44,Male,B.COM,A_44,44 abose@gmail.com,A.B.44,9933226054,112233554954
404,Arindam Bose 45,Male,"M.Sc, Ph.D",A_45,45 abose@gmail.com,A.B.45,9933226055,112233554955
404,Arindam Bose 46,Male,M.Sc,A_46,46 abose@gmail.com,A.B.46,9933226056,112233554956
404,Arindam Bose 47,Male,"M.Sc, Ph.D",A_47,47 abose@gmail.com,A.B.47,9933226057,112233554957
404,Arindam Bose 48,Male,"M.Sc, Ph.D",A_48,48 abose@gmail.com,A.B.48,9933226058,112233554958
404,Arindam Bose 49,Female,"M.Sc, Ph.D",A_49,49 abose@gmail.com,A.B.49,9933226059,112233554959
404,Arindam Bose 50,Male,"M.Sc, Ph.D",A_50,50 abose@gmail.com,A.B.50,9933226060,112233554960
404,Arindam Bose 51,Male,M.Tech,A_51,51 abose@gmail.com,A.B.51,9933226061,112233554961
404,Arindam Bose 52,Male,"M.Sc, Ph.D",A_52,52 abose@gmail.com,A.B.52,9933226062,112233554962
404,Arindam Bose 53,Female,"M.Sc, Ph.D",A_53,53 abose@gmail.com,A.B.53,9933226063,112233554963
404,Arindam Bose 54,Male,"M.Sc, Ph.D",A_54,54 abose@gmail.com,A.B.54,9933226064,112233554964
404,Arindam Bose 55,Male,"M.Sc, Ph.D",A_55,55 abose@gmail.com,A.B.55,9933226065,112233554965
404,Arindam Bose 56,Male,"M.Sc, Ph.D",A_56,56 abose@gmail.com,A.B.56,9933226066,112233554966
404,Arindam Bose 57,Female,M.Tech,A_57,57 abose@gmail.com,A.B.57,9933226067,112233554967
404,Arindam Bose 58,Male,"M.Sc, Ph.D",A_58,58 abose@gmail.com,A.B.58,9933226068,112233554968
404,Arindam Bose 59,Male,M.Sc,A_59,59 abose@gmail.com,A.B.59,9933226069,112233554969
404,Arindam Bose 60,Male,"M.Sc, Ph.D",A_60,60 abose@gmail.com,A.B.60,9933226070,112233554970
404,Arindam Bose 61,Male,"M.Sc, Ph.D",A_61,61 abose@gmail.com,A.B.61,9933226071,112233554971
404,Arindam Bose 62,Female,"M.Sc, Ph.D",A_62,62 abose@gmail.com,A.B.62,9933226072,112233554972
404,Arindam Bose 63,Male,M.Tech,A_63,63 abose@gmail.com,A.B.63,9933226073,112233554973
404,Arindam Bose 64,Male,"M.Sc, Ph.D",A_64,64 abose@gmail.com,A.B.64,9933226074,112233554974
404,Arindam Bose 65,Male,B.SC,A_65,65 abose@gmail.com,A.B.65,9933226075,112233554975
404,Arindam Bose 66,Male,B.COM,A_66,66 abose@gmail.com,A.B.66,9933226076,112233554976
404,Arindam Bose 67,Male,"M.Sc, Ph.D",A_67,67 abose@gmail.com,A.B.67,9933226077,112233554977
404,Arindam Bose 68,Female,M.Sc,A_68,68 abose@gmail.com,A.B.68,9933226078,112233554978
404,Arindam Bose 69,Male,"M.Sc, Ph.D",A_69,69 abose@gmail.com,A.B.69,9933226079,112233554979
404,Arindam Bose 70,Male,"M.Sc, Ph.D",A_70,70 abose@gmail.com,A.B.70,9933226080,112233554980
404,Arindam Bose 71,Male,"M.Sc, Ph.D",A_71,71 abose@gmail.com,A.B.71,9933226081,112233554981
404,Arindam Bose 72,Female,"M.Sc, Ph.D",A_72,72 abose@gmail.com,A.B.72,9933226082,112233554982
404,Arindam Bose 73,Male,M.Tech,A_73,73 abose@gmail.com,A.B.73,9933226083,112233554983
404,Arindam Bose 74,Male,"M.Sc, Ph.D",A_74,74 abose@gmail.com,A.B.74,9933226084,112233554984
404,Arindam Bose 75,Male,"M.Sc, Ph.D",A_75,75 abose@gmail.com,A.B.75,9933226085,112233554985
404,Arindam Bose 76,Female,"M.Sc, Ph.D",A_76,76 abose@gmail.com,A.B.76,9933226086,112233554986
404,Arindam Bose 77,Male,"M.Sc, Ph.D",A_77,77 abose@gmail.com,A.B.77,9933226087,112233554987
404,Arindam Bose 78,Male,"M.Sc, Ph.D",A_78,78 abose@gmail.com,A.B.78,9933226088,112233554988
404,Arindam Bose 79,Male,M.Tech,A_79,79 abose@gmail.com,A.B.79,9933226089,112233554989
404,Arindam Bose 80,Male,"M.Sc, Ph.D",A_80,80 abose@gmail.com,A.B.80,9933226090,112233554990
404,Arindam Bose 81,Female,M.Sc,A_81,81 abose@gmail.com,A.B.81,9933226091,112233554991
404,Arindam Bose 82,Male,"M.Sc, Ph.D",A_82,82 abose@gmail.com,A.B.82,9933226092,112233554992
404,Arindam Bose 83,Male,"M.Sc, Ph.D",A_83,83 abose@gmail.com,A.B.83,9933226093,112233554993
404,Arindam Bose 84,Male,"M.Sc, Ph.D",A_84,84 abose@gmail.com,A.B.84,9933226094,112233554994
404,Arindam Bose 85,Male,M.Tech,A_85,85 abose@gmail.com,A.B.85,9933226095,112233554995
404,Arindam Bose 86,Male,"M.Sc, Ph.D",A_86,86 abose@gmail.com,A.B.86,9933226096,112233554996
404,Arindam Bose 87,Female,B.SC,A_87,87 abose@gmail.com,A.B.87,9933226097,112233554997
404,Arindam Bose 88,Male,B.COM,A_88,88 abose@gmail.com,A.B.88,9933226098,112233554998
404,Arindam Bose 89,Male,"M.Sc, Ph.D",A_89,89 abose@gmail.com,A.B.89,9933226099,112233554999
404,Arindam Bose 90,Male,M.Sc,A_90,90 abose@gmail.com,A.B.90,9933226100,112233555000
404,Arindam Bose 91,Female,"M.Sc, Ph.D",A_91,91 abose@gmail.com,A.B.91,9933226101,112233555001
404,Arindam Bose 92,Male,"M.Sc, Ph.D",A_92,92 abose@gmail.com,A.B.92,9933226102,112233555002
404,Arindam Bose 93,Male,"M.Sc, Ph.D",A_93,93 abose@gmail.com,A.B.93,9933226103,112233555003
404,Arindam Bose 94,Male,"M.Sc, Ph.D",A_94,94 abose@gmail.com,A.B.94,9933226104,112233555004
404,Arindam Bose 95,Female,M.Tech,A_95,95 abose@gmail.com,A.B.95,9933226105,112233555005
404,Arindam Bose 96,Male,"M.Sc, Ph.D",A_96,96 abose@gmail.com,A.B.96,9933226106,112233555006
404,Arindam Bose 97,Male,"M.Sc, Ph.D",A_97,97 abose@gmail.com,A.B.97,9933226107,112233555007
404,Arindam Bose 98,Male,"M.Sc, Ph.D",A_98,98 abose@gmail.com,A.B.98,9933226108,112233555008
404,Arindam Bose 99,Male,"M.Sc, Ph.D",A_99,99 abose@gmail.com,A.B.99,9933226109,112233555009
404,Arindam Bose 100,Female,"M.Sc, Ph.D",A_100,100 abose@gmail.com,A.B.100,9933226110,112233555010
404,Arindam Bose 101,Male,M.Tech,A_101,101 abose@gmail.com,A.B.101,9933226111,112233555011
404,Arindam Bose 102,Male,"M.Sc, Ph.D",A_102,102 abose@gmail.com,A.B.102,9933226112,112233555012
404,Arindam Bose 103,Male,M.Sc,A_103,103 abose@gmail.com,A.B.103,9933226113,112233555013
404,Arindam Bose 104,Male,"M.Sc, Ph.D",A_104,104 abose@gmail.com,A.B.104,9933226114,112233555014
404,Arindam Bose 105,Male,"M.Sc, Ph.D",A_105,105 abose@gmail.com,A.B.105,9933226115,112233555015
404,Arindam Bose 106,Female,"M.Sc, Ph.D",A_106,106 abose@gmail.com,A.B.106,9933226116,112233555016
404,Arindam Bose 107,Male,M.Tech,A_107,107 abose@gmail.com,A.B.107,9933226117,112233555017
404,Arindam Bose 108,Male,"M.Sc, Ph.D",A_108,108 abose@gmail.com,A.B.108,9933226118,112233555018
404,Arindam Bose 109,Male,B.SC,A_109,109 abose@gmail.com,A.B.109,9933226119,112233555019
404,Arindam Bose 110,Female,B.COM,A_110,110 abose@gmail.com,A.B.110,9933226120,112233555020
404,Arindam Bose 111,Male,"M.Sc, Ph.D",A_111,111 abose@gmail.com,A.B.111,9933226121,112233555021
404,Arindam Bose 112,Male,M.Sc,A_112,112 abose@gmail.com,A.B.112,9933226122,112233555022
404,Arindam Bose 113,Male,"M.Sc, Ph.D",A_113,113 abose@gmail.com,A.B.113,9933226123,112233555023
404,Arindam Bose 114,Female,"M.Sc, Ph.D",A_114,114 abose@gmail.com,A.B.114,9933226124,112233555024
404,Arindam Bose 115,Male,"M.Sc, Ph.D",A_115,115 abose@gmail.com,A.B.115,9933226125,112233555025
404,Arindam Bose 116,Male,"M.Sc, Ph.D",A_116,116 abose@gmail.com,A.B.116,9933226126,112233555026
404,Arindam Bose 117,Male,M.Tech,A_117,117 abose@gmail.com,A.B.117,9933226127,112233555027
404,Arindam Bose 118,Male,"M.Sc, Ph.D",A_118,118 abose@gmail.com,A.B.118,9933226128,112233555028
404,Arindam Bose 119,Female,"M.Sc, Ph.D",A_119,119 abose@gmail.com,A.B.119,9933226129,112233555029
404,Arindam Bose 120,Male,"M.Sc, Ph.D",A_120,120 abose@gmail.com,A.B.120,9933226130,112233555030
404,Arindam Bose 121,Male,"M.Sc, Ph.D",A_121,121 abose@gmail.com,A.B.121,9933226131,112233555031
404,Arindam Bose 122,Male,"M.Sc, Ph.D",A_122,122 abose@gmail.com,A.B.122,9933226132,112233555032
404,Arindam Bose 123,Male,M.Tech,A_123,123 abose@gmail.com,A.B.123,9933226133,112233555033
404,Arindam Bose 124,Male,"M.Sc, Ph.D",A_124,124 abose@gmail.com,A.B.124,9933226134,112233555034
404,Arindam Bose 125,Female,M.Sc,A_125,125 abose@gmail.com,A.B.125,9933226135,112233555035
404,Arindam Bose 126,Male,"M.Sc, Ph.D",A_126,126 abose@gmail.com,A.B.126,9933226136,112233555036
404,Arindam Bose 127,Male,"M.Sc, Ph.D",A_127,127 abose@gmail.com,A.B.127,9933226137,112233555037
404,Arindam Bose 128,Male,"M.Sc, Ph.D",A_128,128 abose@gmail.com,A.B.128,9933226138,112233555038
404,Arindam Bose 129,Female,M.Tech,A_129,129 abose@gmail.com,A.B.129,9933226139,112233555039
404,Arindam Bose 130,Male,"M.Sc, Ph.D",A_130,130 abose@gmail.com,A.B.130,9933226140,112233555040
404,Arindam Bose 131,Male,B.SC,A_131,131 abose@gmail.com,A.B.131,9933226141,112233555041
404,Arindam Bose 132,Male,B.COM,A_132,132 abose@gmail.com,A.B.132,9933226142,112233555042
404,Arindam Bose 133,Female,"M.Sc, Ph.D",A_133,133 abose@gmail.com,A.B.133,9933226143,112233555043
404,Arindam Bose 134,Male,M.Sc,A_134,134 abose@gmail.com,A.B.134,9933226144,112233555044
404,Arindam Bose 135,Male,"M.Sc, Ph.D",A_135,135 abose@gmail.com,A.B.135,9933226145,112233555045
404,Arindam Bose 136,Male,"M.Sc, Ph.D",A_136,136 abose@gmail.com,A.B.136,9933226146,112233555046
404,Arindam Bose 137,Male,"M.Sc, Ph.D",A_137,137 abose@gmail.com,A.B.137,9933226147,112233555047
404,Arindam Bose 138,Female,"M.Sc, Ph.D",A_138,138 abose@gmail.com,A.B.138,9933226148,112233555048
404,Arindam Bose 139,Male,M.Tech,A_139,139 abose@gmail.com,A.B.139,9933226149,112233555049
404,Arindam Bose 140,Male,"M.Sc, Ph.D",A_140,140 abose@gmail.com,A.B.140,9933226150,112233555050
404,Arindam Bose 141,Male,"M.Sc, Ph.D",A_141,141 abose@gmail.com,A.B.141,9933226151,112233555051
404,Arindam Bose 142,Male,"M.Sc, Ph.D",A_142,142 abose@gmail.com,A.B.142,9933226152,112233555052
404,Arindam Bose 143,Male,"M.Sc, Ph.D",A_143,143 abose@gmail.com,A.B.143,9933226153,112233555053
404,Arindam Bose 144,Female,"M.Sc, Ph.D",A_144,144 abose@gmail.com,A.B.144,9933226154,112233555054
404,Arindam Bose 145,Male,M.Tech,A_145,145 abose@gmail.com,A.B.145,9933226155,112233555055
404,Arindam Bose 146,Male,"M.Sc, Ph.D",A_146,146 abose@gmail.com,A.B.146,9933226156,112233555056
404,Arindam Bose 147,Male,M.Sc,A_147,147 abose@gmail.com,A.B.147,9933226157,112233555057
404,Arindam Bose 148,Female,"M.Sc, Ph.D",A_148,148 abose@gmail.com,A.B.148,9933226158,112233555058
404,Arindam Bose 149,Male,"M.Sc, Ph.D",A_149,149 abose@gmail.com,A.B.149,9933226159,112233555059
404,Arindam Bose 150,Male,"M.Sc, Ph.D",A_150,150 abose@gmail.com,A.B.150,9933226160,112233555060
